model_size,num_params,context_length,batch_size,warmup_steps,measure_steps,forward_mean_ms,forward_std_ms,forward_cv_percent,backward_mean_ms,backward_std_ms,backward_cv_percent,total_mean_ms,backward_forward_ratio,error
small,128625408,512,4,5,10,37.33642769997232,0.41917236791756984,1.122690074385131,76.91870990003054,0.39651399896494044,0.5154974641154024,114.25513760000285,2.0601518312928357,
medium,423183360,512,4,5,10,90.55905280001753,0.21538545599792336,0.2378397844703182,195.44169399999873,1.5750412768695348,0.805888060338622,286.00074680001626,2.158168487380214,
large,969411840,512,4,5,10,178.72351609998987,0.080947080836021,0.04529179069571001,376.74225640000714,2.051402624651367,0.5445108930051331,555.465772499997,2.107961305938231,
xl,1998235200,512,4,5,10,338.1035152000095,0.10583037052398096,0.031301174275391856,720.6129222999834,5.797008977123354,0.8044553182062035,1058.716437499993,2.131338155043125,
2.7B,3406809600,512,4,5,10,413.4927203999837,0.40611655389059076,0.09821613147088593,939.7647477999953,4.068010221936703,0.4328753798713967,1353.257468199979,2.2727479866899065,
