warmup_steps,mean_time_ms,std_time_ms,cv_percent
0,258.79816250001113,361.81074823260786,139.8042183675057
1,132.21698320000996,1.2682702719688994,0.959234011602228
2,131.89994039998965,1.2548490068827527,0.9513643471539059
5,132.93992730000355,1.891452471700867,1.422787352239523
10,132.62163690001216,1.2023878078774466,0.9066301969896258
