model_size,num_params,context_length,batch_size,warmup_steps,measure_steps,forward_mean_ms,forward_std_ms,forward_cv_percent,backward_mean_ms,backward_std_ms,backward_cv_percent,total_mean_ms,backward_forward_ratio,error
small,128625408,512,4,5,10,87.49640210080543,10.769565376183674,12.30858083030198,219.39905309918686,43.05693854935123,19.624942742977957,306.8954551999923,2.507520856073775,
medium,423183360,512,4,5,10,251.23722020034623,2.587923498091685,1.0300716971903985,532.000305499605,21.76842885738802,4.091807585889475,783.2375256999512,2.1175218587252616,
large,969411840,512,4,5,10,596.6734138000902,2.7720881329407185,0.4645905228600449,9909.317968800315,217.12060524714963,2.1910751671382247,10505.991382600405,16.6076076788639,
