{
  "experiment_name": "lr_1e_04",
  "config": {
    "experiment_name": "lr_1e_04",
    "experiment_id": "d0c7414b",
    "description": "Learning rate sweep: lr=0.0001",
    "tags": [],
    "vocab_size": 10000,
    "context_length": 256,
    "d_model": 512,
    "num_layers": 4,
    "num_heads": 16,
    "d_ff": 1344,
    "rope_theta": 10000.0,
    "batch_size": 128,
    "max_iterations": 10000,
    "learning_rate": 0.0001,
    "min_learning_rate": 1e-05,
    "warmup_iters": 100,
    "weight_decay": 0.1,
    "beta1": 0.9,
    "beta2": 0.999,
    "grad_clip": 1.0,
    "dataset": "TinyStories",
    "train_data_path": "cs336_basics/artifacts/datasets/tinystories_train_tokens.npy",
    "val_data_path": "cs336_basics/artifacts/datasets/tinystories_tokens.npy",
    "device": null,
    "dtype": "float32",
    "seed": 42,
    "log_interval": 50,
    "eval_interval": 200,
    "checkpoint_interval": 1000
  },
  "statistics": {
    "total_steps": 251,
    "total_wallclock_time": 5181.8089344501495,
    "total_wallclock_hours": 1.4393913706805972,
    "train_loss": {
      "min": 1.7154903411865234,
      "max": 9.256617546081543,
      "mean": 2.1037664210796354,
      "final": 1.7279689311981201,
      "initial": 9.256617546081543
    },
    "val_loss": {
      "min": 1.7449008524417877,
      "max": 9.25914568901062,
      "mean": 2.1641518646595523,
      "final": 1.7630506694316863,
      "best": 1.7449008524417877
    }
  },
  "metrics_count": 251
}