model_size,context_length,batch_size,num_params,num_params_millions,d_model,num_layers,forward_vanilla_ms,forward_vanilla_std_ms,forward_compiled_ms,forward_compiled_std_ms,forward_speedup,fwd_bwd_vanilla_ms,fwd_bwd_vanilla_std_ms,fwd_bwd_compiled_ms,fwd_bwd_compiled_std_ms,fwd_bwd_speedup,full_step_vanilla_ms,full_step_vanilla_std_ms,full_step_compiled_ms,full_step_compiled_std_ms,full_step_speedup,status
small,512,4,128625408,128.625408,768,12,34.06666570008383,3.084235993079197,15.35795119998511,0.036618138136139664,2.218177754081994,117.58920900001613,1.963801209912516,47.5602974001049,0.10641955770949967,2.472423753173519,122.22505110003112,0.9732145958184396,51.48310159988796,0.09962612835294972,2.374080956697782,success
small,1024,4,128625408,128.625408,768,12,56.91702740004985,0.050004190879552456,31.298654499960318,0.04166565782047301,1.8185135530385823,171.0225564999746,0.12619310157729358,97.59308819993748,0.03329515268173911,1.7524043931226287,174.50471819988707,0.17096255284363737,101.04609340000934,0.08320752413263036,1.7269813441384458,success
medium,512,4,423183360,423.18336,1024,24,84.39007049992142,0.07822763879523371,43.94473159991321,0.09794640929642648,1.9203683223790151,297.4411258001055,3.1909689903781047,137.8983030001109,0.19640768217575333,2.1569600156708693,312.5328125001033,4.045651471250626,149.3845674000113,0.13487891025078677,2.09213587413769,success
medium,1024,4,423183360,423.18336,1024,24,158.0571310999403,0.22276340918695803,92.17643519996273,0.10067065310744923,1.7147238419131683,481.9307874000515,0.25676786589381867,284.48946620010247,0.07731872193819438,1.694019795661165,491.8499980000888,0.1784230667337948,296.3091278002139,0.27001117858474,1.6599218581336386,success
large,512,4,969411840,969.41184,1280,36,177.68769760014038,0.08044071379656333,178.2308133000697,0.14454454723630816,0.9969527395971934,575.9131789999628,2.8725447036475007,580.1055998001175,2.350665090516446,0.992773004084775,610.1516235999952,3.902476285047407,612.0839250001154,3.453186575852238,0.9968430776872308,success
large,1024,4,969411840,969.41184,1280,36,336.840367700006,0.09926385428398055,337.18821480006227,0.10220314599962808,0.9989683889151864,1042.0068322000589,1.3572754267505018,1041.7920485998366,0.644546094630225,1.000206167440528,1066.8226383000729,1.055028967391732,1067.8482803000406,0.7382460846129189,0.9990395246039264,success
