model_size,num_params_M,context_length,batch_size,fp32_forward_ms,fp32_forward_std_ms,fp32_backward_ms,fp32_backward_std_ms,fp32_total_ms,bf16_forward_ms,bf16_forward_std_ms,bf16_backward_ms,bf16_backward_std_ms,bf16_total_ms,forward_speedup,backward_speedup,total_speedup
small,128.625408,512,4,38.8490707000301,5.893026384713981,63.146537700004046,0.8616095314964725,101.99560840003413,45.68461520002529,5.275062101488075,77.6547158999847,3.198213936995266,123.33933110001,0.8503753513066383,0.8131706744163941,0.8269512043755998
medium,423.18336,512,4,97.48540530006267,11.42959891479434,169.95191429998613,0.3990870291741971,267.4373196000488,98.18739069999083,1.151238230480828,192.1424155000068,4.0313144435374095,290.3298061999976,0.9928505544864406,0.8845101372215242,0.9211500641302429
large,969.41184,512,4,184.23700080002163,17.30589418879039,372.7791179999713,1.4680666183649373,557.0161187999929,190.04719170000044,21.31379257336463,349.63208320000376,3.860278510359837,539.6792749000042,0.9694276413768297,1.0662039781593111,1.0321243462669583
xl,1998.2352,512,4,356.3909496999713,22.21783391318692,696.5466234000132,2.4198190338524053,1052.9375730999845,303.279605900002,18.513897261100094,580.2073275000112,6.553661707779782,883.4869334000132,1.175123360643911,1.2005133171986697,1.191797561790594
2.7B,3406.8096,512,4,418.53846480003085,15.592021668357127,929.6753118999959,1.320682890197579,1348.2137767000268,241.38506289998531,22.73070879470799,481.043942199949,6.516135923914982,722.4290050999343,1.7339037460385305,1.9326203499171606,1.8662232097305216
