{
  "experiment_name": "batch_128",
  "config": {
    "experiment_name": "batch_128",
    "experiment_id": "ecd1c19d",
    "description": "Batch size sweep \u2014 batch_size=128, lr=0.0003, tokens\u2248327,680,000",
    "tags": [],
    "vocab_size": 10000,
    "context_length": 256,
    "d_model": 512,
    "num_layers": 4,
    "num_heads": 16,
    "d_ff": 1344,
    "rope_theta": 10000.0,
    "batch_size": 128,
    "max_iterations": 10000,
    "learning_rate": 0.0003,
    "min_learning_rate": 2.9999999999999997e-05,
    "warmup_iters": 100,
    "weight_decay": 0.1,
    "beta1": 0.9,
    "beta2": 0.999,
    "grad_clip": 1.0,
    "dataset": "TinyStories",
    "train_data_path": "cs336_basics/artifacts/datasets/tinystories_train_tokens.npy",
    "val_data_path": "cs336_basics/artifacts/datasets/tinystories_tokens.npy",
    "device": null,
    "dtype": "float32",
    "seed": 42,
    "log_interval": 50,
    "eval_interval": 200,
    "checkpoint_interval": 1000,
    "metadata": {
      "processed_tokens": 327680000
    }
  },
  "statistics": {
    "total_steps": 251,
    "total_wallclock_time": 5150.974877357483,
    "total_wallclock_hours": 1.430826354821523,
    "train_loss": {
      "min": 1.4567322731018066,
      "max": 9.256617546081543,
      "mean": 1.770941532254219,
      "final": 1.4802099466323853,
      "initial": 9.256617546081543
    },
    "val_loss": {
      "min": 1.4868113994598389,
      "max": 9.25914568901062,
      "mean": 1.849988865618612,
      "final": 1.5008089423179627,
      "best": 1.4868113994598389
    }
  },
  "metrics_count": 251
}