{
  "experiment_name": "batch_8",
  "config": {
    "experiment_name": "batch_8",
    "experiment_id": "8cb30700",
    "description": "Batch size sweep \u2014 batch_size=8, lr=0.0003, tokens\u2248327,680,000",
    "tags": [],
    "vocab_size": 10000,
    "context_length": 256,
    "d_model": 512,
    "num_layers": 4,
    "num_heads": 16,
    "d_ff": 1344,
    "rope_theta": 10000.0,
    "batch_size": 8,
    "max_iterations": 160000,
    "learning_rate": 0.0003,
    "min_learning_rate": 2.9999999999999997e-05,
    "warmup_iters": 1600,
    "weight_decay": 0.1,
    "beta1": 0.9,
    "beta2": 0.999,
    "grad_clip": 1.0,
    "dataset": "TinyStories",
    "train_data_path": "cs336_basics/artifacts/datasets/tinystories_train_tokens.npy",
    "val_data_path": "cs336_basics/artifacts/datasets/tinystories_tokens.npy",
    "device": null,
    "dtype": "float32",
    "seed": 42,
    "log_interval": 50,
    "eval_interval": 1600,
    "checkpoint_interval": 16000,
    "metadata": {
      "processed_tokens": 327680000
    }
  },
  "statistics": {
    "total_steps": 3301,
    "total_wallclock_time": 11026.688824892044,
    "total_wallclock_hours": 3.062969118025568,
    "train_loss": {
      "min": 1.1074742078781128,
      "max": 9.262428283691406,
      "mean": 1.5663562909513713,
      "final": 1.3517649173736572,
      "initial": 9.262428283691406
    },
    "val_loss": {
      "min": 1.3199095010757447,
      "max": 9.258990049362183,
      "mean": 1.6199676495377382,
      "final": 1.3199095010757447,
      "best": 1.3199095010757447
    }
  },
  "metrics_count": 3301
}