{
  "experiment_name": "leaderboard_optimized",
  "description": "Optimized configuration for 1.5hr leaderboard - weight tying + fast schedule + larger batch",
  "configuration": {
    "experiment_name": "leaderboard_optimized",
    "description": "Optimized configuration for 1.5hr leaderboard - weight tying + fast schedule + larger batch",
    "vocab_size": 32000,
    "context_length": 256,
    "d_model": 512,
    "num_layers": 4,
    "num_heads": 16,
    "d_ff": 1344,
    "rope_theta": 10000.0,
    "batch_size": 64,
    "max_iterations": 60000,
    "learning_rate": 0.0004,
    "min_learning_rate": 4e-05,
    "warmup_iters": 300,
    "weight_decay": 0.1,
    "beta1": 0.9,
    "beta2": 0.999,
    "grad_clip": 1.0,
    "dataset": "OpenWebText",
    "train_data_path": "cs336_basics/artifacts/datasets/owt_train_tokens.npy",
    "val_data_path": "cs336_basics/artifacts/datasets/owt_train_tokens.npy",
    "device": null,
    "dtype": "bfloat16",
    "seed": 42,
    "log_interval": 50,
    "eval_interval": 400,
    "checkpoint_interval": 4000,
    "use_weight_tying": true,
    "embedding_scale": true,
    "use_leaderboard_model": true
  },
  "results": {
    "total_iterations": 5477,
    "best_val_loss": 4.678281617164612,
    "final_val_loss": 4.678281617164612,
    "training_hours": 1.5007632180717256,
    "tokens_processed": 89735168,
    "perplexity": 107.58504135129222,
    "baseline_loss": 5.0,
    "improvement": 0.321718382835388,
    "beat_baseline": true
  },
  "metrics": {
    "iteration": [
      0,
      400,
      800,
      1200,
      1600,
      2000,
      2400,
      2800,
      3200,
      3600,
      4000,
      4400,
      4800,
      5200,
      5476
    ],
    "wallclock_time": [
      9.934107462565104e-10,
      0.05527520212862227,
      0.10224843952390883,
      0.20307992133829328,
      0.325765472319391,
      0.4488504651519987,
      0.5628529836071862,
      0.6765649690892961,
      0.8058587045139737,
      0.9291521090931363,
      1.0512677289379968,
      1.1754552514685526,
      1.3002390480041504,
      1.4206195222006903,
      1.497224976155493
    ],
    "train_loss": [
      16.271921157836914,
      8.084319708347321,
      5.836917341947555,
      5.460727872848511,
      5.258672169446945,
      5.139495368003845,
      5.034365965127945,
      4.965470803976059,
      4.914709125757217,
      4.86480322599411,
      4.821534390449524,
      4.782075868844986,
      4.747823858261109,
      4.712509969472885,
      4.688833864927292
    ],
    "val_loss": [
      16.296430397033692,
      6.16298279762268,
      5.592961168289184,
      5.342758011817932,
      5.224416375160217,
      5.073918128013611,
      4.990309000015259,
      4.96508822441101,
      4.895385098457337,
      4.834994912147522,
      4.802685046195984,
      4.763699984550476,
      4.72244930267334,
      4.685780620574951,
      4.678281617164612
    ],
    "learning_rate": [
      0.0,
      0.00039999750774434345,
      0.0003999376970592627,
      0.0003997981645571998,
      0.00039957897205835583,
      0.00039928021667647923,
      0.0003989020307758398,
      0.0003984445819125843,
      0.0003979080727605,
      0.0003972927410212199,
      0.00039659885931890847,
      0.00039582673507947467,
      0.0003949767103943663,
      0.00039404916186900555,
      0.0003933641665717514
    ]
  }
}