{
  "power_law_model_size": {
    "coefficient_a": 1.1634106364198433,
    "exponent_b": 0.46868266774370226,
    "formula": "N_opt = 1.1634e+00 * C^0.4687"
  },
  "power_law_dataset_size": {
    "coefficient_a": 0.1432569562708452,
    "exponent_b": 0.5313173322563015,
    "formula": "D_opt = 1.4326e-01 * C^0.5313"
  },
  "predictions": {
    "1e23_FLOPs": {
      "compute_budget": 1e+23,
      "optimal_model_size": 70054233904.71295,
      "optimal_dataset_size": 237910911842.0526
    },
    "1e24_FLOPs": {
      "compute_budget": 1e+24,
      "optimal_model_size": 206118539185.04004,
      "optimal_dataset_size": 808596195789.2869
    }
  },
  "data_points": {
    "compute_budgets": [
      6e+18,
      1e+19,
      3e+19,
      6e+19,
      1e+20,
      3e+20,
      6e+20,
      1e+21,
      3e+21
    ],
    "optimal_model_sizes": [
      762093419,
      806647749,
      1536852354,
      1952041776,
      3253402960,
      5903836027,
      6971055968,
      6859328563,
      12148905329
    ],
    "optimal_dataset_sizes": [
      1312175089.1277542,
      2066164157.4439783,
      3253402961.5703735,
      5122841182.472726,
      5122841182.472726,
      8469069901.558091,
      14345028996.903902,
      24297810658.27429,
      41155971378.46459
    ]
  }
}