{
  "experiment_name": "lr_6e_04",
  "config": {
    "experiment_name": "lr_6e_04",
    "experiment_id": "29a7bde4",
    "description": "Learning rate sweep: lr=0.0006",
    "tags": [],
    "vocab_size": 10000,
    "context_length": 256,
    "d_model": 512,
    "num_layers": 4,
    "num_heads": 16,
    "d_ff": 1344,
    "rope_theta": 10000.0,
    "batch_size": 128,
    "max_iterations": 10000,
    "learning_rate": 0.0006,
    "min_learning_rate": 5.9999999999999995e-05,
    "warmup_iters": 100,
    "weight_decay": 0.1,
    "beta1": 0.9,
    "beta2": 0.999,
    "grad_clip": 1.0,
    "dataset": "TinyStories",
    "train_data_path": "cs336_basics/artifacts/datasets/tinystories_train_tokens.npy",
    "val_data_path": "cs336_basics/artifacts/datasets/tinystories_tokens.npy",
    "device": null,
    "dtype": "float32",
    "seed": 42,
    "log_interval": 50,
    "eval_interval": 200,
    "checkpoint_interval": 1000
  },
  "statistics": {
    "total_steps": 251,
    "total_wallclock_time": 5272.656058311462,
    "total_wallclock_hours": 1.464626682864295,
    "train_loss": {
      "min": 1.3623312711715698,
      "max": 9.256617546081543,
      "mean": 1.6506275987625123,
      "final": 1.379976749420166,
      "initial": 9.256617546081543
    },
    "val_loss": {
      "min": 1.3953006446361542,
      "max": 9.25914568901062,
      "mean": 1.73823060872508,
      "final": 1.4065944731235505,
      "best": 1.3953006446361542
    }
  },
  "metrics_count": 251
}